name,count,code
IRAQ,27521,IRQ
AFGHANISTAN,18920,AFG
PAKISTAN,15504,PAK
INDIA,13929,IND
COLOMBIA,8915,COL
PHILIPPINES,8271,PHL
PERU,6111,PER
YEMEN,6027,YEM
NIGERIA,5550,NGA
UNITED KINGDOM,5513,GBR
EL SALVADOR,5320,SLV
SOMALIA,5317,SOM
TURKEY,4485,TUR
THAILAND,4201,THA
SPAIN,3255,ESP
UNITED STATES,3121,USA
SRI LANKA,3041,LKA
SYRIA,2997,SYR
ALGERIA,2753,DZA
FRANCE,2751,FRA
WEST BANK AND GAZA STRIP,2669,ISR
EGYPT,2654,EGY
LEBANON,2507,LBN
LIBYA,2505,LBY
CHILE,2499,CHL
RUSSIA,2242,RUS
ISRAEL,2203,ISR
SOUTH AFRICA,2097,ZAF
GUATEMALA,2055,GTM
NICARAGUA,1983,NIC
UKRAINE,1818,UKR
BANGLADESH,1743,BGD
ITALY,1603,ITA
NEPAL,1551,NPL
DEMOCRATIC REPUBLIC OF THE CONGO,1498,COD
GREECE,1386,GRC
SUDAN,1068,SDN
MALI,1009,MLI
CAMEROON,879,CMR
INDONESIA,850,IDN
KENYA,850,KEN
ARGENTINA,826,ARG
GERMANY,816,DEU
MOZAMBIQUE,785,MOZ
MYANMAR,743,MMR
IRAN,712,IRN
BURUNDI,636,BDI
MEXICO,600,MEX
SAUDI ARABIA,582,SAU
WEST GERMANY (FRG),541,DEU
ANGOLA,501,AGO
UGANDA,413,UGA
JAPAN,405,JPN
BURKINA FASO,395,BFA
CENTRAL AFRICAN REPUBLIC,382,CAF
IRELAND,333,IRL
HONDURAS,330,HND
BOLIVIA,326,BOL
SOUTH SUDAN,323,SDS
VENEZUELA,320,VEN
BRAZIL,295,BRA
CHINA,288,CHN
ETHIOPIA,280,ETH
CAMBODIA,261,KHM
NIGER,257,NER
ECUADOR,245,ECU
HAITI,224,HTI
GEORGIA,219,GEO
BAHRAIN,208,BHR
YUGOSLAVIA,203,MKD
KOSOVO,201,OSA
TAJIKISTAN,193,TJK
NETHERLANDS,177,NLD
RWANDA,168,RWA
BOSNIA-HERZEGOVINA,161,BIH
BELGIUM,161,BEL
NAMIBIA,151,NAM
TUNISIA,150,TUN
SWEDEN,146,SWE
PORTUGAL,141,PRT
CHAD,132,TCD
CYPRUS,130,CYP
PANAMA,127,PAN
CANADA,126,CAN
SENEGAL,122,SEN
JORDAN,121,JOR
PARAGUAY,120,PRY
AUSTRIA,120,AUT
AUSTRALIA,120,AUS
MACEDONIA,118,MKD
SWITZERLAND,116,CHE
MALAYSIA,109,MYS
ZIMBABWE,106,ZWE
SIERRA LEONE,101,SLE
PAPUA NEW GUINEA,89,PNG
DOMINICAN REPUBLIC,89,DOM
RHODESIA,83,ZWE
URUGUAY,82,URY
ALBANIA,82,ALB
IVORY COAST,81,CIV
SOVIET UNION,78,RUS
KUWAIT,76,KWT
TANZANIA,71,TZA
COSTA RICA,69,CRI
SURINAME,66,SUR
ZAMBIA,62,ZMB
CROATIA,58,HRV
GUADELOUPE,56,GLP
NEW CALEDONIA,55,NCL
BULGARIA,54,BGR
TAIWAN,54,TWN
AZERBAIJAN,50,AZE
ZAIRE,50,COD
TOGO,48,TGO
HUNGARY,47,HUN
DENMARK,45,DNK
POLAND,42,POL
SOUTH KOREA,40,KOR
KYRGYZSTAN,39,KGZ
EAST GERMANY (GDR),38,DEU
MOROCCO,37,MAR
JAMAICA,36,JAM
REPUBLIC OF THE CONGO,36,
LIBERIA,35,LBR
GHANA,34,GHA
GUYANA,33,GUY
MACAU,33,MAC
NEW ZEALAND,33,NZL
CZECH REPUBLIC,32,CZE
KAZAKHSTAN,31,KAZ
CUBA,30,CUB
LESOTHO,29,LSO
MALDIVES,29,MDV
LAOS,27,LAO
MADAGASCAR,27,MDG
GUINEA,27,GIN
HONG KONG,26,HKG
FINLAND,25,FIN
TRINIDAD AND TOBAGO,25,TTO
ARMENIA,25,ARM
NORWAY,24,NOR
MALTA,23,MLT
UNITED ARAB EMIRATES,22,ARE
DJIBOUTI,22,DJI
MOLDOVA,21,MDA
UZBEKISTAN,21,UZB
SLOVAK REPUBLIC,19,SVK
MAURITANIA,19,MRT
FIJI,17,FJI
LATVIA,17,LVA
ERITREA,17,ERI
SWAZILAND,16,SWZ
LUXEMBOURG,16,LUX
BELARUS,15,BLR
ESTONIA,15,EST
SERBIA,14,SRB
VIETNAM,13,VNM
MALAWI,12,MWI
MARTINIQUE,12,MTQ
SERBIA-MONTENEGRO,11,SRB
BOTSWANA,10,BWA
LITHUANIA,10,LTU
BENIN,10,BEN
EAST TIMOR,10,TLS
GABON,9,GAB
GUINEA-BISSAU,9,GNB
COMOROS,8,COM
MONTENEGRO,8,MNE
BELIZE,8,BLZ
SINGAPORE,7,SGP
WESTERN SAHARA,7,ESH
FRENCH GUIANA,7,GUF
QATAR,7,QAT
BRUNEI,6,BTN
ROMANIA,6,ROU
SLOVENIA,6,SVN
BHUTAN,6,BTN
NORTH YEMEN,6,YEM
GRENADA,5,GRD
BAHAMAS,5,BHS
PEOPLE'S REPUBLIC OF THE CONGO,4,COD
ICELAND,4,ISL
DOMINICA,4,DMA
SOLOMON ISLANDS,4,SLB
GAMBIA,3,GMB
BARBADOS,3,BRB
FRENCH POLYNESIA,3,PYF
MAURITIUS,2,MUS
TURKMENISTAN,2,TKM
SEYCHELLES,2,SYC
SOUTH YEMEN,2,YEM
VANUATU,2,VUT
EQUATORIAL GUINEA,2,GNQ
VATICAN CITY,1,ITA
ANTIGUA AND BARBUDA,1,ATG
ANDORRA,1,AND
FALKLAND ISLANDS,1,FLK
NORTH KOREA,1,PRK
WALLIS AND FUTUNA,1,FRA
AFGHANISTAN,1453,AFG
IRAQ,547,IRQ
NIGERIA,448,NGA
YEMEN,290,YEM
INDIA,235,IND
MYANMAR,216,MMR
PAKISTAN,150,PAK
SYRIA,144,SYR
DEMOCRATIC REPUBLIC OF THE CONGO,142,COD
SOMALIA,125,SOM
PHILIPPINES,104,PHL
ISRAEL,101,ISR
SAUDI ARABIA,94,SAU
COLOMBIA,76,COL
MALI,76,MLI
BURKINA FASO,53,BFA
CAMEROON,46,CMR
CHILE,45,CHL
WEST BANK AND GAZA STRIP,42,ISR
MOZAMBIQUE,41,MOZ
UNITED KINGDOM,40,GBR
NIGER,38,NER
ETHIOPIA,36,ETH
KENYA,33,KEN
THAILAND,27,THA
INDONESIA,26,IDN
UNITED STATES,26,USA
MEXICO,21,MEX
FRANCE,19,FRA
CENTRAL AFRICAN REPUBLIC,18,CAF
SOUTH AFRICA,15,ZAF
SOUTH SUDAN,14,SDS
TURKEY,14,TUR
GERMANY,13,DEU
SUDAN,13,SDN
CANADA,12,CAN
VENEZUELA,12,VEN
GREECE,11,GRC
UGANDA,11,UGA
EGYPT,11,EGY
UKRAINE,10,UKR
IVORY COAST,10,CIV
BANGLADESH,10,BGD
LIBYA,8,LBY
NETHERLANDS,6,NLD
BURUNDI,6,BDI
CHINA,5,CHN
PERU,5,PER
SWEDEN,5,SWE
DJIBOUTI,4,DJI
BRAZIL,4,BRA
TUNISIA,4,TUN
IRAN,4,IRN
PARAGUAY,3,PRY
ITALY,3,ITA
NEPAL,3,NPL
IRELAND,2,IRL
ARGENTINA,2,ARG
ESTONIA,2,EST
BELGIUM,2,BEL
SPAIN,2,ESP
LIBERIA,2,LBR
SWITZERLAND,2,CHE
CHAD,2,TCD
RWANDA,1,RWA
GHANA,1,GHA
MALDIVES,1,MDV
SRI LANKA,1,LKA
LATVIA,1,LVA
AUSTRALIA,1,AUS
ALBANIA,1,ALB
SERBIA,1,SRB
EL SALVADOR,1,SLV
ALGERIA,1,DZA
KOSOVO,1,OSA
GUATEMALA,1,GTM
BENIN,1,BEN
LEBANON,1,LBN
WESTERN SAHARA,1,ESH
ZAMBIA,1,ZMB
